round,val_loss,val_acc
2,0.30772991582404735,0.9123065585851142
3,0.30155880402686985,0.9115696389093588
4,0.2874537810336712,0.9115696389093588
5,0.2942352603341258,0.9123065585851142
