round,val_loss,val_acc
2,0.2361926989895957,0.9411764705882353
3,0.2481627975191389,0.9411764705882353
4,0.23951675210680282,0.9411764705882353
5,0.23373113785471236,0.9411764705882353
