round,val_loss,val_acc
2,0.3076054851214091,0.9116997792494481
3,0.3007367382446925,0.9116997792494481
4,0.32248175938924156,0.9116997792494481
5,0.3057449837525686,0.9116997792494481
