round,val_loss,val_acc
2,0.23797422759234904,0.9357366771159875
3,0.2223698116838932,0.9357366771159875
4,0.22378478720784187,0.9357366771159875
5,0.2508174356073141,0.9357366771159875
